                  epoch,         train/box_loss,         train/cls_loss,         train/dfl_loss,   metrics/precision(B),      metrics/recall(B),       metrics/mAP50(B),    metrics/mAP50-95(B),           val/box_loss,           val/cls_loss,           val/dfl_loss,                 lr/pg0,                 lr/pg1,                 lr/pg2
                      1,                 1.2642,                 3.3452,                0.91585,                0.85502,                0.88117,                0.91816,                0.57952,                 1.1351,                 1.0863,                0.90026,              3.156e-05,              3.156e-05,              3.156e-05
                      2,                 1.2179,                0.92376,                0.90405,                0.79262,                0.88497,                 0.8511,                0.52849,                 1.0812,                  1.231,                0.88328,             4.5815e-05,             4.5815e-05,             4.5815e-05
                      3,                 1.1767,                0.69417,                0.90087,                 0.8536,                0.88262,                0.89448,                0.50517,                 1.2091,                0.82442,                0.89553,             3.5768e-05,             3.5768e-05,             3.5768e-05
